{"Gone Girl": ["Se7en", "The Prestige", "Oldboy", "Chinatown", "El secreto de sus ojos", "The Sixth Sense", "Pulp Fiction", "The Usual Suspects", "The Silence of the Lambs", "L\u00e9on"], "Tonari no Totoro": ["Beauty and the Beast", "Sen to Chihiro no Kamikakushi", "Mononoke-hime", "Hauru no ugoku shiro", "It's a Wonderful Life", "How to Train Your Dragon", "The Wizard of Oz", "Kaze no tani no Naushika", "Tenk\u00fb no shiro Rapyuta", "The Lord of the Rings: The Return of the King"], "Swades: We, the People": ["Lagaan: Once Upon a Time in India", "The Shawshank Redemption", "The Godfather", "The Godfather: Part II", "Pulp Fiction", "Schindler's List", "12 Angry Men", "Fight Club", "Forrest Gump", "One Flew Over the Cuckoo's Nest"], "Platoon": ["Casablanca", "Saving Private Ryan", "The Pianist", "Apocalypse Now", "The Great Dictator", "Paths of Glory", "Das Boot", "Hotaru no haka", "Full Metal Jacket", "Inglourious Basterds"], "The Great Escape": ["Schindler's List", "The Lion King", "Das Boot", "Lawrence of Arabia", "The Treasure of the Sierra Madre", "Inglourious Basterds", "Up", "Downfall", "The Bridge on the River Kwai", "Judgment at Nuremberg"], "Life of Brian": ["Monty Python and the Holy Grail", "La vita \u00e8 bella", "City Lights", "The Intouchables", "Modern Times", "Dr. Strangelove or: How I Learned to Stop Worrying and Love the Bomb", "Back to the Future", "The Great Dictator", "Am\u00e9lie", "3 Idiots"], "Hotel Rwanda": ["Judgment at Nuremberg", "Schindler's List", "Casablanca", "Saving Private Ryan", "The Pianist", "Apocalypse Now", "The Great Dictator", "Paths of Glory", "Das Boot", "Hotaru no haka"], "Stand by Me": ["The Lion King", "Das Boot", "Lawrence of Arabia", "The Treasure of the Sierra Madre", "Inglourious Basterds", "Up", "The Great Escape", "The Bridge on the River Kwai", "The Wages of Fear", "Lagaan: Once Upon a Time in India"], "The Raiders of the Lost Ark": ["Indiana Jones and the Final Crusade", "Star Wars: Episode V - The Empire Strikes Back", "Star Wars", "Star Wars: Episode VI - Return of the Jedi", "The Dark Knight", "The Dark Knight Rises", "Aliens", "Guardians of the Galaxy", "The Treasure of the Sierra Madre", "Batman Begins"], "Once Upon a Time in the West": ["The Good, the Bad and the Ugly", "For a Few Dollars More", "For a Fistful of Dollars", "Django Unchained", "Unforgiven", "Butch Cassidy and the Sundance Kid", "High Noon", "Once Upon a Time in America", "12 Angry Men", "The Grapes of Wrath"], "El secreto de sus ojos": ["Se7en", "The Prestige", "Oldboy", "Gone Girl", "Chinatown", "The Sixth Sense", "Pulp Fiction", "The Usual Suspects", "The Silence of the Lambs", "L\u00e9on"], "La haine": ["The Shawshank Redemption", "The Godfather", "The Godfather: Part II", "Pulp Fiction", "Schindler's List", "12 Angry Men", "Fight Club", "Forrest Gump", "One Flew Over the Cuckoo's Nest", "Goodfellas"], "The Best Years of Our Lives": ["Casablanca", "Gone with the Wind", "Roman Holiday", "Forrest Gump", "La vita \u00e8 bella", "City Lights", "Saving Private Ryan", "The Pianist", "Apocalypse Now", "The Great Dictator"], "A Beautiful Mind": ["Rush", "Schindler's List", "Goodfellas", "The Intouchables", "The Pianist", "Braveheart", "Lawrence of Arabia", "Amadeus", "Raging Bull", "Downfall"], "Blade Runner": ["Inception", "T2: Judgment Day", "Twelve Monkeys", "Jurassic Park", "Alien", "Pulp Fiction", "Interstellar", "The Matrix", "Se7en", "The Usual Suspects"], "The Princess Bride": ["Sen to Chihiro no Kamikakushi", "Back to the Future", "Toy Story 3", "Monty Python and the Holy Grail", "The Kid", "Toy Story", "The Gold Rush", "The General", "Hauru no ugoku shiro", "How to Train Your Dragon"], "Metropolis": ["A Clockwork Orange", "Eternal Sunshine of the Spotless Mind", "Stalker", "Donnie Darko", "Her", "M", "The Shawshank Redemption", "The Godfather", "The Godfather: Part II", "Pulp Fiction"], "Stalag 17": ["The Great Dictator", "Underground", "The Apartment", "The Bridge on the River Kwai", "La vita \u00e8 bella", "Casablanca", "City Lights", "Saving Private Ryan", "The Intouchables", "The Pianist"], "Witness for the Prosecution": ["Rash\u00f4mon", "L.A. Confidential", "Salinui chueok", "Double Indemnity", "The Shawshank Redemption", "The Godfather", "The Godfather: Part II", "Pulp Fiction", "Goodfellas", "City of God"], "Indiana Jones and the Final Crusade": ["The Raiders of the Lost Ark", "Star Wars: Episode V - The Empire Strikes Back", "Star Wars", "Star Wars: Episode VI - Return of the Jedi", "The Dark Knight", "The Dark Knight Rises", "Aliens", "Guardians of the Galaxy", "The Treasure of the Sierra Madre", "Batman Begins"], "The Avengers": ["Aliens", "Guardians of the Galaxy", "X-Men: Days of Future Past", "The Dark Knight", "Interstellar", "Star Wars: Episode V - The Empire Strikes Back", "Inception", "The Matrix", "Star Wars", "The Raiders of the Lost Ark"], "The Graduate": ["La vita \u00e8 bella", "City Lights", "The Apartment", "Annie Hall", "Roman Holiday", "Forrest Gump", "Casablanca", "The Intouchables", "The Great Dictator", "Am\u00e9lie"], "The Killing": ["Touch of Evil", "Strangers on a Train", "The Night of the Hunter", "Pulp Fiction", "The Usual Suspects", "The Silence of the Lambs", "L\u00e9on", "The Departed", "M", "Double Indemnity"], "Kill Bill: Vol. 1": ["Heat", "The Bourne Ultimatum", "Pulp Fiction", "Reservoir Dogs", "The Shawshank Redemption", "The Godfather", "The Godfather: Part II", "The Dark Knight", "Star Wars: Episode V - The Empire Strikes Back", "Inception"], "City Lights": ["La vita \u00e8 bella", "The Apartment", "Annie Hall", "Roman Holiday", "The Graduate", "The Great Dictator", "The Kid", "Forrest Gump", "Casablanca", "The Intouchables"], "The Shining": ["Psycho", "Alien", "The Thing", "Les diaboliques", "Dr. Strangelove or: How I Learned to Stop Worrying and Love the Bomb", "Paths of Glory", "A Clockwork Orange", "Full Metal Jacket", "2001: A Space Odyssey", "Barry Lyndon"], "Citizen Kane": ["Se7en", "The Prestige", "Witness for the Prosecution", "Oldboy", "Gone Girl", "Rash\u00f4mon", "L.A. Confidential", "Chinatown", "El secreto de sus ojos", "The Maltese Falcon"], "Salinui chueok": ["Witness for the Prosecution", "Rash\u00f4mon", "L.A. Confidential", "The Shawshank Redemption", "The Godfather", "The Godfather: Part II", "Pulp Fiction", "Goodfellas", "City of God", "Se7en"], "Donnie Darko": ["Se7en", "The Prestige", "Witness for the Prosecution", "Citizen Kane", "Oldboy", "A Clockwork Orange", "Gone Girl", "Eternal Sunshine of the Spotless Mind", "Rash\u00f4mon", "L.A. Confidential"], "Inception": ["T2: Judgment Day", "The Matrix", "Aliens", "Guardians of the Galaxy", "Die Hard", "Blade Runner", "V for Vendetta", "X-Men: Days of Future Past", "The Avengers", "The Bourne Ultimatum"], "The Gold Rush": ["Back to the Future", "Toy Story 3", "Monty Python and the Holy Grail", "Toy Story", "The General", "Finding Nemo", "The Princess Bride", "Monsters, Inc.", "City Lights", "Modern Times"], "The Maltese Falcon": ["The Big Sleep", "Se7en", "Sunset Blvd.", "The Prestige", "Witness for the Prosecution", "Citizen Kane", "Oldboy", "Double Indemnity", "Gone Girl", "Rash\u00f4mon"], "The Grand Budapest Hotel": ["La vita \u00e8 bella", "City Lights", "The Intouchables", "Modern Times", "Dr. Strangelove or: How I Learned to Stop Worrying and Love the Bomb", "Back to the Future", "The Great Dictator", "Am\u00e9lie", "3 Idiots", "Dil Chahta Hai"], "It Happened One Night": ["La vita \u00e8 bella", "City Lights", "Am\u00e9lie", "Singin' in the Rain", "The Apartment", "Annie Hall", "Roman Holiday", "The Graduate", "Gone with the Wind", "Forrest Gump"], "The Terminator": ["T2: Judgment Day", "Aliens", "Inception", "The Matrix", "Guardians of the Galaxy", "X-Men: Days of Future Past", "The Avengers", "The Dark Knight", "Interstellar", "Star Wars: Episode V - The Empire Strikes Back"], "The Wizard of Oz": ["The Lord of the Rings: The Return of the King", "The Lord of the Rings: The Fellowship of the Ring", "Star Wars: Episode V - The Empire Strikes Back", "The Lord of the Rings: The Two Towers", "Star Wars", "It's a Wonderful Life", "Sen to Chihiro no Kamikakushi", "Mononoke-hime", "Star Wars: Episode VI - Return of the Jedi", "Monty Python and the Holy Grail"], "Yip Man": ["Braveheart", "Rush", "Schindler's List", "Goodfellas", "Saving Private Ryan", "The Intouchables", "The Pianist", "Gladiator", "Lawrence of Arabia", "Amadeus"], "Ben-Hur": ["The Bridge on the River Kwai", "The Lion King", "Das Boot", "Lawrence of Arabia", "The Treasure of the Sierra Madre", "Inglourious Basterds", "Up", "The Great Escape", "The Wages of Fear", "Lagaan: Once Upon a Time in India"], "Back to the Future": ["Interstellar", "Aliens", "Toy Story 3", "Monty Python and the Holy Grail", "Guardians of the Galaxy", "Toy Story", "The Gold Rush", "The General", "Finding Nemo", "The Princess Bride"], "Gone with the Wind": ["Casablanca", "The Best Years of Our Lives", "Forrest Gump", "La vita \u00e8 bella", "City Lights", "Saving Private Ryan", "The Pianist", "Apocalypse Now", "The Great Dictator", "Paths of Glory"], "Am\u00e9lie": ["La vita \u00e8 bella", "City Lights", "Singin' in the Rain", "The Apartment", "It Happened One Night", "Annie Hall", "Roman Holiday", "The Graduate", "Forrest Gump", "Casablanca"], "Les diaboliques": ["Psycho", "Se7en", "Rear Window", "Memento", "The Prestige", "North by Northwest", "Vertigo", "Oldboy", "Gone Girl", "The Third Man"], "American History X": ["The Shawshank Redemption", "The Godfather", "The Godfather: Part II", "Pulp Fiction", "Goodfellas", "City of God", "The Usual Suspects", "The Silence of the Lambs", "L\u00e9on", "The Green Mile"], "Taxi Driver": ["Goodfellas", "Casino", "The Departed", "The Godfather: Part II", "The Silence of the Lambs", "Once Upon a Time in America", "Heat", "The Shawshank Redemption", "The Godfather", "Pulp Fiction"], "The Night of the Hunter": ["Touch of Evil", "Strangers on a Train", "The Killing", "Pulp Fiction", "The Usual Suspects", "The Silence of the Lambs", "L\u00e9on", "The Departed", "M", "Double Indemnity"], "The Silence of the Lambs": ["Pulp Fiction", "The Usual Suspects", "L\u00e9on", "The Departed", "M", "Fargo", "No Country for Old Men", "Rope", "Taxi Driver", "The Shawshank Redemption"], "Tenk\u00fb no shiro Rapyuta": ["Kaze no tani no Naushika", "Sen to Chihiro no Kamikakushi", "Mononoke-hime", "Hauru no ugoku shiro", "The Dark Knight", "Star Wars: Episode V - The Empire Strikes Back", "Star Wars", "The Raiders of the Lost Ark", "The Dark Knight Rises", "The Lion King"], "Taare Zameen Par": ["It's a Wonderful Life", "The Kid", "Hachi: A Dog's Tale", "3 Idiots", "Rang De Basanti", "Dil Chahta Hai", "Lagaan: Once Upon a Time in India", "The Shawshank Redemption", "The Godfather", "The Godfather: Part II"], "Lock, Stock and Two Smoking Barrels": ["Snatch.", "The Sting", "The Wolf of Wall Street", "The Big Lebowski", "Crna macka, beli macor", "The Shawshank Redemption", "The Godfather", "The Godfather: Part II", "Pulp Fiction", "Goodfellas"], "Pan's Labyrinth": ["It's a Wonderful Life", "Casablanca", "Saving Private Ryan", "The Pianist", "The Green Mile", "Apocalypse Now", "The Great Dictator", "Paths of Glory", "Das Boot", "Hotaru no haka"], "12 Years a Slave": ["Schindler's List", "Downfall", "In the Name of the Father", "Gandhi", "The King's Speech", "Goodfellas", "The Intouchables", "The Pianist", "Braveheart", "Lawrence of Arabia"], "Rash\u00f4mon": ["Witness for the Prosecution", "L.A. Confidential", "Salinui chueok", "The Shawshank Redemption", "The Godfather", "The Godfather: Part II", "Pulp Fiction", "Goodfellas", "City of God", "Se7en"], "Casablanca": ["Gone with the Wind", "The Best Years of Our Lives", "Notorious", "Forrest Gump", "La vita \u00e8 bella", "City Lights", "Saving Private Ryan", "The Pianist", "Apocalypse Now", "The Great Dictator"], "The Intouchables": ["Schindler's List", "Goodfellas", "La vita \u00e8 bella", "City Lights", "The Pianist", "The Great Dictator", "3 Idiots", "Dil Chahta Hai", "Braveheart", "Lawrence of Arabia"], "The King's Speech": ["Schindler's List", "Downfall", "12 Years a Slave", "In the Name of the Father", "Gandhi", "Goodfellas", "The Intouchables", "The Pianist", "Braveheart", "Lawrence of Arabia"], "Ran": ["Saving Private Ryan", "Yojimbo", "Casablanca", "The Pianist", "Apocalypse Now", "Gladiator", "The Great Dictator", "Paths of Glory", "Das Boot", "Hotaru no haka"], "Rear Window": ["Vertigo", "Psycho", "North by Northwest", "Rebecca", "Se7en", "Memento", "The Prestige", "Oldboy", "Gone Girl", "The Third Man"], "Aliens": ["Guardians of the Galaxy", "X-Men: Days of Future Past", "The Avengers", "The Terminator", "T2: Judgment Day", "The Dark Knight", "Interstellar", "Star Wars: Episode V - The Empire Strikes Back", "Inception", "The Matrix"], "Fanny och Alexander": ["Det sjunde inseglet", "Smultronst\u00e4llet", "Persona", "The Shawshank Redemption", "The Godfather", "The Godfather: Part II", "Pulp Fiction", "Schindler's List", "12 Angry Men", "Fight Club"], "Lawrence of Arabia": ["Into the Wild", "The Bridge on the River Kwai", "Schindler's List", "Goodfellas", "The Intouchables", "The Pianist", "The Lion King", "Das Boot", "Braveheart", "Amadeus"], "Requiem for a Dream": ["A Beautiful Mind", "The Shawshank Redemption", "The Godfather", "The Godfather: Part II", "Pulp Fiction", "Schindler's List", "12 Angry Men", "Fight Club", "Forrest Gump", "One Flew Over the Cuckoo's Nest"], "The Sixth Sense": ["Se7en", "The Prestige", "Oldboy", "Gone Girl", "Chinatown", "El secreto de sus ojos", "Twelve Monkeys", "Pulp Fiction", "The Usual Suspects", "The Silence of the Lambs"], "L\u00e9on": ["Pulp Fiction", "The Usual Suspects", "The Silence of the Lambs", "The Departed", "M", "Fargo", "No Country for Old Men", "Rope", "V for Vendetta", "The Shawshank Redemption"], "Forrest Gump": ["La vita \u00e8 bella", "Casablanca", "City Lights", "Eternal Sunshine of the Spotless Mind", "The Apartment", "Gone with the Wind", "Annie Hall", "The Best Years of Our Lives", "Notorious", "Before Sunrise"], "Psycho": ["Les diaboliques", "Rear Window", "North by Northwest", "Vertigo", "Rebecca", "Se7en", "Memento", "The Prestige", "Oldboy", "Gone Girl"], "The Deer Hunter": ["Casablanca", "Saving Private Ryan", "The Pianist", "Apocalypse Now", "The Great Dictator", "Paths of Glory", "Das Boot", "Hotaru no haka", "Full Metal Jacket", "Inglourious Basterds"], "Singin' in the Rain": ["La vita \u00e8 bella", "City Lights", "Am\u00e9lie", "The Apartment", "It Happened One Night", "Annie Hall", "Roman Holiday", "The Graduate", "Forrest Gump", "Casablanca"], "The Help": ["The Shawshank Redemption", "The Godfather", "The Godfather: Part II", "Pulp Fiction", "Schindler's List", "12 Angry Men", "Fight Club", "Forrest Gump", "One Flew Over the Cuckoo's Nest", "Goodfellas"], "The Wolf of Wall Street": ["Goodfellas", "Casino", "The Intouchables", "The Sting", "Snatch.", "Lock, Stock and Two Smoking Barrels", "The Big Lebowski", "Butch Cassidy and the Sundance Kid", "Crna macka, beli macor", "Papillon"], "The Lion King": ["Up", "Sen to Chihiro no Kamikakushi", "WALL\u00b7E", "Das Boot", "Hotaru no haka", "Toy Story 3", "Mononoke-hime", "Lawrence of Arabia", "The Treasure of the Sierra Madre", "Inglourious Basterds"], "Network": ["12 Angry Men", "Dog Day Afternoon", "Sunset Blvd.", "Chinatown", "The Bridge on the River Kwai", "Stalag 17", "The Shawshank Redemption", "The Godfather", "The Godfather: Part II", "Pulp Fiction"], "The Sting": ["Cool Hand Luke", "The Shawshank Redemption", "The Godfather", "The Godfather: Part II", "Pulp Fiction", "Goodfellas", "City of God", "The Usual Suspects", "The Silence of the Lambs", "L\u00e9on"], "The Lord of the Rings: The Return of the King": ["The Lord of the Rings: The Two Towers", "The Lord of the Rings: The Fellowship of the Ring", "Star Wars: Episode V - The Empire Strikes Back", "Star Wars", "Mononoke-hime", "Star Wars: Episode VI - Return of the Jedi", "Monty Python and the Holy Grail", "The Wizard of Oz", "Harry Potter and the Deathly Hallows: Part 2", "Pirates of the Caribbean: The Curse of the Black Pearl"], "The Green Mile": ["The Shawshank Redemption", "The Godfather", "The Godfather: Part II", "Pulp Fiction", "Goodfellas", "City of God", "The Usual Suspects", "It's a Wonderful Life", "The Silence of the Lambs", "L\u00e9on"], "Yojimbo": ["Ran", "Saving Private Ryan", "Gladiator", "Braveheart", "The Treasure of the Sierra Madre", "Heat", "V for Vendetta", "Rush", "Yip Man", "Seven Samurai"], "Modern Times": ["The Great Dictator", "City Lights", "The Kid", "The Gold Rush", "La vita \u00e8 bella", "The Intouchables", "Dr. Strangelove or: How I Learned to Stop Worrying and Love the Bomb", "Back to the Future", "Am\u00e9lie", "3 Idiots"], "Lagaan: Once Upon a Time in India": ["The Lion King", "Das Boot", "Lawrence of Arabia", "The Treasure of the Sierra Madre", "Inglourious Basterds", "Up", "The Great Escape", "The Bridge on the River Kwai", "The Wages of Fear", "Into the Wild"], "Before Sunrise": ["Before Sunset", "Forrest Gump", "La vita \u00e8 bella", "Casablanca", "City Lights", "Eternal Sunshine of the Spotless Mind", "The Apartment", "Gone with the Wind", "Annie Hall", "The Best Years of Our Lives"], "Jurassic Park": ["Interstellar", "Inception", "T2: Judgment Day", "Back to the Future", "Aliens", "Guardians of the Galaxy", "The Wages of Fear", "Blade Runner", "X-Men: Days of Future Past", "The Avengers"], "The Matrix": ["Inception", "T2: Judgment Day", "Aliens", "Guardians of the Galaxy", "X-Men: Days of Future Past", "The Avengers", "The Terminator", "The Dark Knight", "Interstellar", "Star Wars: Episode V - The Empire Strikes Back"], "Toy Story": ["Toy Story 3", "Finding Nemo", "Monsters, Inc.", "Sen to Chihiro no Kamikakushi", "Back to the Future", "The Lion King", "WALL\u00b7E", "Mononoke-hime", "Monty Python and the Holy Grail", "Up"], "Crna macka, beli macor": ["The Sting", "Snatch.", "The Wolf of Wall Street", "Lock, Stock and Two Smoking Barrels", "The Big Lebowski", "Underground", "The Shawshank Redemption", "The Godfather", "The Godfather: Part II", "Pulp Fiction"], "Fargo": ["Pulp Fiction", "The Usual Suspects", "The Silence of the Lambs", "L\u00e9on", "The Departed", "M", "No Country for Old Men", "Rope", "The Shawshank Redemption", "The Godfather"], "Annie Hall": ["La vita \u00e8 bella", "City Lights", "The Apartment", "Roman Holiday", "The Graduate", "Forrest Gump", "Casablanca", "The Intouchables", "The Great Dictator", "Am\u00e9lie"], "Twelve Monkeys": ["Se7en", "The Sixth Sense", "Inception", "Psycho", "Rear Window", "T2: Judgment Day", "Memento", "The Prestige", "North by Northwest", "Vertigo"], "The Bridge on the River Kwai": ["Das Boot", "Inglourious Basterds", "Lawrence of Arabia", "Ben-Hur", "Stalag 17", "Casablanca", "Saving Private Ryan", "The Pianist", "Apocalypse Now", "The Great Dictator"], "Roman Holiday": ["La vita \u00e8 bella", "City Lights", "The Apartment", "Annie Hall", "The Graduate", "The Best Years of Our Lives", "Forrest Gump", "Casablanca", "The Intouchables", "The Great Dictator"], "Dil Chahta Hai": ["3 Idiots", "La vita \u00e8 bella", "City Lights", "The Intouchables", "The Great Dictator", "The Sting", "The Apartment", "The Kid", "Mary and Max", "Annie Hall"], "City of God": ["The Shawshank Redemption", "The Godfather", "The Godfather: Part II", "Pulp Fiction", "Goodfellas", "The Usual Suspects", "The Silence of the Lambs", "L\u00e9on", "American History X", "The Green Mile"], "Hachi: A Dog's Tale": ["It's a Wonderful Life", "Taare Zameen Par", "The Kid", "The Shawshank Redemption", "The Godfather", "The Godfather: Part II", "Pulp Fiction", "Schindler's List", "12 Angry Men", "Fight Club"], "Double Indemnity": ["Sunset Blvd.", "Witness for the Prosecution", "The Shawshank Redemption", "The Godfather", "The Godfather: Part II", "Pulp Fiction", "Goodfellas", "City of God", "The Usual Suspects", "The Silence of the Lambs"], "Fa yeung nin wa": ["Forrest Gump", "La vita \u00e8 bella", "Casablanca", "City Lights", "Eternal Sunshine of the Spotless Mind", "The Apartment", "Gone with the Wind", "Annie Hall", "The Best Years of Our Lives", "Notorious"], "The Godfather": ["The Godfather: Part II", "Scarface", "On the Waterfront", "Heat", "Dog Day Afternoon", "The Shawshank Redemption", "Pulp Fiction", "Goodfellas", "City of God", "The Usual Suspects"], "Raging Bull": ["Goodfellas", "Casino", "Schindler's List", "The Intouchables", "The Pianist", "Braveheart", "Lawrence of Arabia", "Amadeus", "Downfall", "The Elephant Man"], "Mononoke-hime": ["Sen to Chihiro no Kamikakushi", "Tonari no Totoro", "Hauru no ugoku shiro", "Kaze no tani no Naushika", "Tenk\u00fb no shiro Rapyuta", "The Lord of the Rings: The Return of the King", "The Lord of the Rings: The Fellowship of the Ring", "Star Wars: Episode V - The Empire Strikes Back", "The Lord of the Rings: The Two Towers", "Star Wars"], "Heat": ["The Godfather: Part II", "The Godfather", "Goodfellas", "Once Upon a Time in America", "Taxi Driver", "Scarface", "Casino", "Dog Day Afternoon", "The Shawshank Redemption", "Pulp Fiction"], "The Shawshank Redemption": ["The Green Mile", "The Godfather", "The Godfather: Part II", "Pulp Fiction", "Goodfellas", "City of God", "The Usual Suspects", "The Silence of the Lambs", "L\u00e9on", "American History X"], "Star Wars: Episode V - The Empire Strikes Back": ["Star Wars", "Star Wars: Episode VI - Return of the Jedi", "Pirates of the Caribbean: The Curse of the Black Pearl", "The Raiders of the Lost Ark", "Indiana Jones and the Final Crusade", "The Dark Knight", "The Lord of the Rings: The Return of the King", "The Lord of the Rings: The Fellowship of the Ring", "The Lord of the Rings: The Two Towers", "The Dark Knight Rises"], "Strangers on a Train": ["Touch of Evil", "The Night of the Hunter", "The Killing", "Rope", "Dial M for Murder", "Pulp Fiction", "The Usual Suspects", "The Silence of the Lambs", "L\u00e9on", "The Departed"], "Batman Begins": ["The Dark Knight", "The Dark Knight Rises", "Star Wars: Episode V - The Empire Strikes Back", "Star Wars", "The Raiders of the Lost Ark", "Aliens", "Star Wars: Episode VI - Return of the Jedi", "Guardians of the Galaxy", "The Treasure of the Sierra Madre", "Indiana Jones and the Final Crusade"], "Some Like It Hot": ["The Apartment", "Stalag 17", "La vita \u00e8 bella", "City Lights", "The Intouchables", "Modern Times", "Dr. Strangelove or: How I Learned to Stop Worrying and Love the Bomb", "Back to the Future", "The Great Dictator", "Am\u00e9lie"], "Saving Private Ryan": ["Ran", "Casablanca", "The Pianist", "Apocalypse Now", "Gladiator", "The Great Dictator", "Paths of Glory", "Das Boot", "Hotaru no haka", "Braveheart"], "Rush": ["Braveheart", "Yip Man", "A Beautiful Mind", "Schindler's List", "Goodfellas", "Saving Private Ryan", "The Intouchables", "The Pianist", "Gladiator", "Lawrence of Arabia"], "The Lord of the Rings: The Two Towers": ["The Lord of the Rings: The Return of the King", "The Lord of the Rings: The Fellowship of the Ring", "Star Wars: Episode V - The Empire Strikes Back", "Star Wars", "Mononoke-hime", "Star Wars: Episode VI - Return of the Jedi", "Monty Python and the Holy Grail", "The Wizard of Oz", "Harry Potter and the Deathly Hallows: Part 2", "Pirates of the Caribbean: The Curse of the Black Pearl"], "There Will Be Blood": ["In the Name of the Father", "The Shawshank Redemption", "The Godfather", "The Godfather: Part II", "Pulp Fiction", "Schindler's List", "12 Angry Men", "Fight Club", "Forrest Gump", "One Flew Over the Cuckoo's Nest"], "Up": ["The Lion King", "Monsters, Inc.", "Sen to Chihiro no Kamikakushi", "WALL\u00b7E", "Das Boot", "Hotaru no haka", "Toy Story 3", "Mononoke-hime", "Lawrence of Arabia", "The Treasure of the Sierra Madre"], "The Battle of Algiers": ["The Shawshank Redemption", "The Godfather", "The Godfather: Part II", "Pulp Fiction", "Schindler's List", "Goodfellas", "City of God", "The Usual Suspects", "The Silence of the Lambs", "L\u00e9on"], "Trainspotting": ["The Shawshank Redemption", "The Godfather", "The Godfather: Part II", "Pulp Fiction", "Schindler's List", "12 Angry Men", "Fight Club", "Forrest Gump", "One Flew Over the Cuckoo's Nest", "Goodfellas"], "Nuovo Cinema Paradiso": ["The Shawshank Redemption", "The Godfather", "The Godfather: Part II", "Pulp Fiction", "Schindler's List", "12 Angry Men", "Fight Club", "Forrest Gump", "One Flew Over the Cuckoo's Nest", "Goodfellas"], "Incendies": ["Se7en", "Casablanca", "Saving Private Ryan", "The Pianist", "Apocalypse Now", "The Prestige", "The Great Dictator", "Paths of Glory", "Das Boot", "Hotaru no haka"], "In the Name of the Father": ["Schindler's List", "Downfall", "12 Years a Slave", "Gandhi", "The King's Speech", "Goodfellas", "The Intouchables", "The Pianist", "Braveheart", "Lawrence of Arabia"], "Downfall": ["Schindler's List", "12 Years a Slave", "In the Name of the Father", "Gandhi", "The King's Speech", "Goodfellas", "The Intouchables", "The Pianist", "Braveheart", "Lawrence of Arabia"], "Jaws": ["Pulp Fiction", "Se7en", "The Usual Suspects", "The Silence of the Lambs", "L\u00e9on", "The Departed", "The Prestige", "The Lives of Others", "M", "Oldboy"], "Star Wars: Episode VI - Return of the Jedi": ["Star Wars: Episode V - The Empire Strikes Back", "Star Wars", "Pirates of the Caribbean: The Curse of the Black Pearl", "The Raiders of the Lost Ark", "Indiana Jones and the Final Crusade", "The Dark Knight", "The Lord of the Rings: The Return of the King", "The Lord of the Rings: The Fellowship of the Ring", "The Lord of the Rings: The Two Towers", "The Dark Knight Rises"], "Bom yeoreum gaeul gyeoul geurigo bom": ["The Shawshank Redemption", "The Godfather", "The Godfather: Part II", "Pulp Fiction", "Schindler's List", "12 Angry Men", "Fight Club", "Forrest Gump", "One Flew Over the Cuckoo's Nest", "Goodfellas"], "The Truman Show": ["Eternal Sunshine of the Spotless Mind", "A Beautiful Mind", "The Shawshank Redemption", "The Godfather", "The Godfather: Part II", "Pulp Fiction", "Schindler's List", "12 Angry Men", "Fight Club", "Forrest Gump"], "Festen": ["Jagten", "The Shawshank Redemption", "The Godfather", "The Godfather: Part II", "Pulp Fiction", "Schindler's List", "12 Angry Men", "Fight Club", "Forrest Gump", "One Flew Over the Cuckoo's Nest"], "Alien": ["The Thing", "Blade Runner", "Aliens", "Interstellar", "Inception", "The Matrix", "Psycho", "T2: Judgment Day", "Back to the Future", "The Shining"], "The Third Man": ["Touch of Evil", "Se7en", "Psycho", "Rear Window", "Memento", "The Prestige", "North by Northwest", "Vertigo", "Oldboy", "Gone Girl"], "Scarface": ["The Godfather", "The Godfather: Part II", "Heat", "Dog Day Afternoon", "The Shawshank Redemption", "Pulp Fiction", "Goodfellas", "City of God", "The Usual Suspects", "The Silence of the Lambs"], "All About Eve": ["The Shawshank Redemption", "The Godfather", "The Godfather: Part II", "Pulp Fiction", "Schindler's List", "12 Angry Men", "Fight Club", "Forrest Gump", "One Flew Over the Cuckoo's Nest", "Goodfellas"], "Stalker": ["A Clockwork Orange", "Eternal Sunshine of the Spotless Mind", "Metropolis", "Donnie Darko", "Her", "The Shawshank Redemption", "The Godfather", "The Godfather: Part II", "Pulp Fiction", "Interstellar"], "Before Sunset": ["Before Sunrise", "Forrest Gump", "La vita \u00e8 bella", "Casablanca", "City Lights", "Eternal Sunshine of the Spotless Mind", "The Apartment", "Gone with the Wind", "Annie Hall", "The Best Years of Our Lives"], "Kaze no tani no Naushika": ["Tenk\u00fb no shiro Rapyuta", "Sen to Chihiro no Kamikakushi", "Mononoke-hime", "Hauru no ugoku shiro", "The Dark Knight", "Star Wars: Episode V - The Empire Strikes Back", "Star Wars", "The Raiders of the Lost Ark", "The Dark Knight Rises", "The Lion King"], "Goodfellas": ["Casino", "Papillon", "Raging Bull", "Taxi Driver", "The Departed", "The Wolf of Wall Street", "The Godfather: Part II", "Once Upon a Time in America", "Heat", "The Shawshank Redemption"], "For a Fistful of Dollars": ["For a Few Dollars More", "The Good, the Bad and the Ugly", "Once Upon a Time in the West", "Unforgiven", "Django Unchained", "Butch Cassidy and the Sundance Kid", "High Noon", "Once Upon a Time in America", "Gran Torino", "Million Dollar Baby"], "Butch Cassidy and the Sundance Kid": ["Goodfellas", "The Wolf of Wall Street", "Casino", "Papillon", "The Sting", "Cool Hand Luke", "The Shawshank Redemption", "The Godfather", "The Godfather: Part II", "Pulp Fiction"], "Reservoir Dogs": ["Pulp Fiction", "The Shawshank Redemption", "The Godfather", "The Godfather: Part II", "Goodfellas", "City of God", "The Usual Suspects", "The Silence of the Lambs", "L\u00e9on", "American History X"], "Seven Samurai": ["Rash\u00f4mon", "Yojimbo", "Ikiru", "Ran", "The Shawshank Redemption", "The Godfather", "The Godfather: Part II", "Pulp Fiction", "Schindler's List", "12 Angry Men"], "American Beauty": ["Se7en", "The Usual Suspects", "L.A. Confidential", "The Shawshank Redemption", "The Godfather", "The Godfather: Part II", "Pulp Fiction", "Schindler's List", "12 Angry Men", "Fight Club"], "Her": ["Eternal Sunshine of the Spotless Mind", "Forrest Gump", "La vita \u00e8 bella", "Casablanca", "City Lights", "A Clockwork Orange", "The Apartment", "Metropolis", "Gone with the Wind", "Annie Hall"], "8\u00bd": ["It's a Wonderful Life", "The Green Mile", "Pan's Labyrinth", "Det sjunde inseglet", "Groundhog Day", "La Strada", "The Shawshank Redemption", "The Godfather", "The Godfather: Part II", "Pulp Fiction"], "Braveheart": ["Rush", "Yip Man", "Schindler's List", "Goodfellas", "Saving Private Ryan", "The Intouchables", "The Pianist", "Gladiator", "Lawrence of Arabia", "Amadeus"], "Groundhog Day": ["It's a Wonderful Life", "La vita \u00e8 bella", "City Lights", "The Intouchables", "The Green Mile", "The Great Dictator", "3 Idiots", "Dil Chahta Hai", "The Sting", "Monty Python and the Holy Grail"], "Papillon": ["Goodfellas", "Casino", "The Shawshank Redemption", "The Godfather", "The Godfather: Part II", "Pulp Fiction", "Schindler's List", "City of God", "The Usual Suspects", "The Silence of the Lambs"], "Django Unchained": ["The Good, the Bad and the Ugly", "Once Upon a Time in the West", "For a Few Dollars More", "Unforgiven", "Butch Cassidy and the Sundance Kid", "High Noon", "For a Fistful of Dollars", "Pulp Fiction", "Reservoir Dogs", "Inglourious Basterds"], "The Big Lebowski": ["The Sting", "Snatch.", "The Wolf of Wall Street", "Lock, Stock and Two Smoking Barrels", "Crna macka, beli macor", "Fargo", "Monsters, Inc.", "The Shawshank Redemption", "The Godfather", "The Godfather: Part II"], "The Prestige": ["Se7en", "Oldboy", "Gone Girl", "Chinatown", "El secreto de sus ojos", "The Sixth Sense", "Memento", "Pulp Fiction", "The Usual Suspects", "The Silence of the Lambs"], "Pulp Fiction": ["The Usual Suspects", "The Silence of the Lambs", "L\u00e9on", "The Departed", "M", "Fargo", "No Country for Old Men", "Rope", "Reservoir Dogs", "The Shawshank Redemption"], "Snatch.": ["Lock, Stock and Two Smoking Barrels", "The Sting", "The Wolf of Wall Street", "The Big Lebowski", "Crna macka, beli macor", "The Shawshank Redemption", "The Godfather", "The Godfather: Part II", "Pulp Fiction", "Goodfellas"], "Monsters, Inc.": ["Toy Story 3", "Toy Story", "Finding Nemo", "Up", "Sen to Chihiro no Kamikakushi", "Back to the Future", "The Lion King", "WALL\u00b7E", "Mononoke-hime", "Monty Python and the Holy Grail"], "Die Hard": ["Inception", "T2: Judgment Day", "V for Vendetta", "The Bourne Ultimatum", "The Sixth Sense", "Sin City", "Twelve Monkeys", "The Dark Knight", "Pulp Fiction", "Star Wars: Episode V - The Empire Strikes Back"], "Once Upon a Time in America": ["The Godfather: Part II", "Goodfellas", "Taxi Driver", "Heat", "Casino", "The Shawshank Redemption", "The Godfather", "Pulp Fiction", "City of God", "The Usual Suspects"], "The Dark Knight": ["The Dark Knight Rises", "Batman Begins", "Star Wars: Episode V - The Empire Strikes Back", "Star Wars", "The Raiders of the Lost Ark", "Aliens", "Star Wars: Episode VI - Return of the Jedi", "Guardians of the Galaxy", "The Treasure of the Sierra Madre", "Indiana Jones and the Final Crusade"], "No Country for Old Men": ["Pulp Fiction", "The Usual Suspects", "The Silence of the Lambs", "L\u00e9on", "The Departed", "M", "Fargo", "Rope", "The Shawshank Redemption", "The Godfather"], "V for Vendetta": ["L\u00e9on", "Pulp Fiction", "Inception", "Se7en", "The Usual Suspects", "The Silence of the Lambs", "Saving Private Ryan", "T2: Judgment Day", "The Departed", "Gladiator"], "Mr. Smith Goes to Washington": ["It's a Wonderful Life", "Notorious", "Rope", "The Shawshank Redemption", "The Godfather", "The Godfather: Part II", "Pulp Fiction", "Schindler's List", "12 Angry Men", "Fight Club"], "Unforgiven": ["The Good, the Bad and the Ugly", "For a Few Dollars More", "For a Fistful of Dollars", "Once Upon a Time in the West", "Django Unchained", "Butch Cassidy and the Sundance Kid", "High Noon", "Million Dollar Baby", "Gran Torino", "The Shawshank Redemption"], "Sunset Blvd.": ["Double Indemnity", "The Maltese Falcon", "Notorious", "Stalag 17", "Witness for the Prosecution", "The Apartment", "The Bridge on the River Kwai", "Network", "The Shawshank Redemption", "The Godfather"], "12 Angry Men": ["Network", "Dog Day Afternoon", "On the Waterfront", "The Grapes of Wrath", "The Shawshank Redemption", "The Godfather", "The Godfather: Part II", "Pulp Fiction", "Schindler's List", "Fight Club"], "Dog Day Afternoon": ["The Godfather", "The Godfather: Part II", "Scarface", "Heat", "The Shawshank Redemption", "Pulp Fiction", "Goodfellas", "City of God", "The Usual Suspects", "The Silence of the Lambs"], "X-Men: Days of Future Past": ["Aliens", "Guardians of the Galaxy", "The Avengers", "The Dark Knight", "Interstellar", "Star Wars: Episode V - The Empire Strikes Back", "Inception", "The Matrix", "Star Wars", "The Raiders of the Lost Ark"], "Rebecca": ["Psycho", "Rear Window", "North by Northwest", "Vertigo", "Se7en", "Memento", "The Prestige", "Oldboy", "Gone Girl", "The Third Man"], "Cool Hand Luke": ["The Sting", "The Shawshank Redemption", "The Godfather", "The Godfather: Part II", "Pulp Fiction", "Goodfellas", "City of God", "The Usual Suspects", "The Silence of the Lambs", "L\u00e9on"], "Mou gaan dou": ["Pulp Fiction", "Se7en", "The Usual Suspects", "The Silence of the Lambs", "L\u00e9on", "Psycho", "Rear Window", "Memento", "The Departed", "The Prestige"], "Gran Torino": ["Million Dollar Baby", "The Shawshank Redemption", "The Godfather", "The Godfather: Part II", "Pulp Fiction", "Schindler's List", "12 Angry Men", "Fight Club", "Forrest Gump", "One Flew Over the Cuckoo's Nest"], "Oldboy": ["Se7en", "The Prestige", "Gone Girl", "Chinatown", "El secreto de sus ojos", "The Sixth Sense", "Pulp Fiction", "The Usual Suspects", "The Silence of the Lambs", "L\u00e9on"], "Hauru no ugoku shiro": ["Sen to Chihiro no Kamikakushi", "How to Train Your Dragon", "Mononoke-hime", "Tonari no Totoro", "Kaze no tani no Naushika", "Tenk\u00fb no shiro Rapyuta", "The Lion King", "WALL\u00b7E", "Toy Story 3", "Toy Story"], "Sin City": ["Pulp Fiction", "The Usual Suspects", "The Silence of the Lambs", "L\u00e9on", "The Departed", "M", "Fargo", "Dial M for Murder", "No Country for Old Men", "Touch of Evil"], "North by Northwest": ["Psycho", "Rear Window", "Vertigo", "Rebecca", "Se7en", "Memento", "The Prestige", "Oldboy", "Gone Girl", "The Third Man"], "Schindler's List": ["Gandhi", "Downfall", "12 Years a Slave", "In the Name of the Father", "The King's Speech", "Goodfellas", "The Intouchables", "The Pianist", "Braveheart", "Lawrence of Arabia"], "Jagten": ["Festen", "The Shawshank Redemption", "The Godfather", "The Godfather: Part II", "Pulp Fiction", "Schindler's List", "12 Angry Men", "Fight Club", "Forrest Gump", "One Flew Over the Cuckoo's Nest"], "Casino": ["Goodfellas", "Papillon", "Raging Bull", "Taxi Driver", "The Departed", "The Wolf of Wall Street", "The Godfather: Part II", "Once Upon a Time in America", "Heat", "The Shawshank Redemption"], "Barry Lyndon": ["A Clockwork Orange", "Paths of Glory", "Full Metal Jacket", "The Shawshank Redemption", "The Godfather", "The Godfather: Part II", "Pulp Fiction", "Schindler's List", "12 Angry Men", "Fight Club"], "The Thing": ["Psycho", "Alien", "2001: A Space Odyssey", "Les diaboliques", "Donnie Darko", "Twelve Monkeys", "Interstellar", "Inception", "The Matrix", "Se7en"], "Shutter Island": ["Se7en", "Psycho", "Rear Window", "Memento", "The Prestige", "North by Northwest", "Vertigo", "Oldboy", "Gone Girl", "The Third Man"], "La Strada": ["8\u00bd", "Lawrence of Arabia", "The Shawshank Redemption", "The Godfather", "The Godfather: Part II", "Pulp Fiction", "Schindler's List", "12 Angry Men", "Fight Club", "Forrest Gump"], "Rocky": ["Raging Bull", "Warrior", "Million Dollar Baby", "The Hustler", "The Shawshank Redemption", "The Godfather", "The Godfather: Part II", "Pulp Fiction", "Schindler's List", "12 Angry Men"], "Pirates of the Caribbean: The Curse of the Black Pearl": ["Star Wars: Episode V - The Empire Strikes Back", "Star Wars", "Star Wars: Episode VI - Return of the Jedi", "The Lord of the Rings: The Fellowship of the Ring", "The Dark Knight", "The Lord of the Rings: The Return of the King", "The Lord of the Rings: The Two Towers", "The Raiders of the Lost Ark", "The Dark Knight Rises", "Aliens"], "The Good, the Bad and the Ugly": ["For a Few Dollars More", "For a Fistful of Dollars", "Once Upon a Time in the West", "Unforgiven", "Django Unchained", "Butch Cassidy and the Sundance Kid", "High Noon", "Once Upon a Time in America", "Gran Torino", "Million Dollar Baby"], "Star Wars": ["Star Wars: Episode V - The Empire Strikes Back", "Star Wars: Episode VI - Return of the Jedi", "Pirates of the Caribbean: The Curse of the Black Pearl", "The Raiders of the Lost Ark", "Indiana Jones and the Final Crusade", "The Dark Knight", "The Lord of the Rings: The Return of the King", "The Lord of the Rings: The Fellowship of the Ring", "The Lord of the Rings: The Two Towers", "The Dark Knight Rises"], "Amores perros": ["Pulp Fiction", "Se7en", "The Usual Suspects", "The Silence of the Lambs", "L\u00e9on", "The Departed", "The Prestige", "The Lives of Others", "M", "Oldboy"], "L.A. Confidential": ["Witness for the Prosecution", "Rash\u00f4mon", "Salinui chueok", "Se7en", "The Usual Suspects", "The Shawshank Redemption", "The Godfather", "The Godfather: Part II", "Pulp Fiction", "Goodfellas"], "Paths of Glory": ["Full Metal Jacket", "Casablanca", "Saving Private Ryan", "The Pianist", "Apocalypse Now", "The Great Dictator", "Das Boot", "Hotaru no haka", "Inglourious Basterds", "Pan's Labyrinth"], "Apocalypse Now": ["Casablanca", "Saving Private Ryan", "The Pianist", "The Great Dictator", "Paths of Glory", "Das Boot", "Hotaru no haka", "Full Metal Jacket", "Inglourious Basterds", "Pan's Labyrinth"], "Mary and Max": ["La vita \u00e8 bella", "City Lights", "The Intouchables", "The Great Dictator", "The Lion King", "Hotaru no haka", "3 Idiots", "Dil Chahta Hai", "Toy Story 3", "The Sting"], "Interstellar": ["Back to the Future", "Aliens", "Guardians of the Galaxy", "X-Men: Days of Future Past", "The Avengers", "Jurassic Park", "The Dark Knight Rises", "The Dark Knight", "Inception", "Batman Begins"], "Les quatre cents coups": ["The Shawshank Redemption", "The Godfather", "The Godfather: Part II", "Pulp Fiction", "Goodfellas", "City of God", "The Usual Suspects", "The Silence of the Lambs", "L\u00e9on", "American History X"], "Rang De Basanti": ["Taare Zameen Par", "3 Idiots", "Dil Chahta Hai", "Lagaan: Once Upon a Time in India", "The Shawshank Redemption", "The Godfather", "The Godfather: Part II", "Pulp Fiction", "Schindler's List", "12 Angry Men"], "The Elephant Man": ["Schindler's List", "Goodfellas", "The Intouchables", "The Pianist", "Braveheart", "Lawrence of Arabia", "Amadeus", "Raging Bull", "Downfall", "Casino"], "Dr. Strangelove or: How I Learned to Stop Worrying and Love the Bomb": ["The Great Dictator", "Underground", "Stalag 17", "Paths of Glory", "Full Metal Jacket", "La vita \u00e8 bella", "Casablanca", "City Lights", "Saving Private Ryan", "The Intouchables"], "Gladiator": ["Saving Private Ryan", "Braveheart", "The Treasure of the Sierra Madre", "Yojimbo", "Heat", "Ran", "V for Vendetta", "Rush", "Yip Man", "L.A. Confidential"], "It's a Wonderful Life": ["The Green Mile", "Taare Zameen Par", "The Kid", "Pan's Labyrinth", "Det sjunde inseglet", "Tonari no Totoro", "Hachi: A Dog's Tale", "8\u00bd", "The Wizard of Oz", "Groundhog Day"], "Vertigo": ["Rear Window", "Psycho", "North by Northwest", "Rebecca", "Se7en", "Memento", "The Prestige", "Oldboy", "Gone Girl", "The Third Man"], "The Kid": ["City Lights", "The Great Dictator", "It's a Wonderful Life", "La vita \u00e8 bella", "The Intouchables", "Taare Zameen Par", "3 Idiots", "Dil Chahta Hai", "The Sting", "The Apartment"], "Toy Story 3": ["Toy Story", "Finding Nemo", "Monsters, Inc.", "Sen to Chihiro no Kamikakushi", "Back to the Future", "The Lion King", "WALL\u00b7E", "Mononoke-hime", "Monty Python and the Holy Grail", "Up"], "The Godfather: Part II": ["The Godfather", "Heat", "Goodfellas", "Once Upon a Time in America", "Taxi Driver", "Scarface", "Casino", "Dog Day Afternoon", "The Shawshank Redemption", "Pulp Fiction"], "Good Will Hunting": ["Saving Private Ryan", "The Departed", "Gone Girl", "The Shawshank Redemption", "The Godfather", "The Godfather: Part II", "Pulp Fiction", "Schindler's List", "12 Angry Men", "Fight Club"], "Notorious": ["Casablanca", "Forrest Gump", "La vita \u00e8 bella", "City Lights", "Sunset Blvd.", "Double Indemnity", "Eternal Sunshine of the Spotless Mind", "The Apartment", "The Maltese Falcon", "Gone with the Wind"], "Dial M for Murder": ["Strangers on a Train", "Rope", "Pulp Fiction", "The Usual Suspects", "The Silence of the Lambs", "L\u00e9on", "The Departed", "M", "Fargo", "No Country for Old Men"], "La vita \u00e8 bella": ["City Lights", "The Apartment", "Annie Hall", "Roman Holiday", "The Graduate", "Forrest Gump", "Casablanca", "The Intouchables", "The Great Dictator", "Am\u00e9lie"], "Se7en": ["Gone Girl", "The Prestige", "Oldboy", "Chinatown", "El secreto de sus ojos", "The Sixth Sense", "The Usual Suspects", "L.A. Confidential", "Twelve Monkeys", "Pulp Fiction"], "Who's Afraid of Virginia Woolf?": ["The Graduate", "The Shawshank Redemption", "The Godfather", "The Godfather: Part II", "Pulp Fiction", "Schindler's List", "12 Angry Men", "Fight Club", "Forrest Gump", "One Flew Over the Cuckoo's Nest"], "Underground": ["The Great Dictator", "Stalag 17", "La vita \u00e8 bella", "Casablanca", "City Lights", "Saving Private Ryan", "The Intouchables", "The Pianist", "Apocalypse Now", "Dr. Strangelove or: How I Learned to Stop Worrying and Love the Bomb"], "The Apartment": ["La vita \u00e8 bella", "City Lights", "Annie Hall", "Roman Holiday", "The Graduate", "Stalag 17", "Forrest Gump", "Casablanca", "The Intouchables", "The Great Dictator"], "Full Metal Jacket": ["Paths of Glory", "Casablanca", "Saving Private Ryan", "The Pianist", "Apocalypse Now", "The Great Dictator", "Das Boot", "Hotaru no haka", "Inglourious Basterds", "Pan's Labyrinth"], "Inglourious Basterds": ["Das Boot", "The Bridge on the River Kwai", "Casablanca", "Saving Private Ryan", "The Pianist", "Apocalypse Now", "The Great Dictator", "The Lion King", "Paths of Glory", "Hotaru no haka"], "2001: A Space Odyssey": ["The Thing", "Donnie Darko", "Twelve Monkeys", "A Clockwork Orange", "Interstellar", "Inception", "The Matrix", "Se7en", "Psycho", "Rear Window"], "Persona": ["Smultronst\u00e4llet", "Det sjunde inseglet", "Fanny och Alexander", "The Shawshank Redemption", "The Godfather", "The Godfather: Part II", "Pulp Fiction", "Schindler's List", "12 Angry Men", "Fight Club"], "Det sjunde inseglet": ["It's a Wonderful Life", "The Green Mile", "Pan's Labyrinth", "8\u00bd", "Groundhog Day", "Smultronst\u00e4llet", "Persona", "Fanny och Alexander", "The Shawshank Redemption", "The Godfather"], "For a Few Dollars More": ["The Good, the Bad and the Ugly", "For a Fistful of Dollars", "Once Upon a Time in the West", "Unforgiven", "The Dark Knight", "Star Wars: Episode V - The Empire Strikes Back", "Inception", "The Matrix", "Star Wars", "The Raiders of the Lost Ark"], "Smultronst\u00e4llet": ["Persona", "Det sjunde inseglet", "Fanny och Alexander", "The Shawshank Redemption", "The Godfather", "The Godfather: Part II", "Pulp Fiction", "Schindler's List", "12 Angry Men", "Fight Club"], "Judgment at Nuremberg": ["Hotel Rwanda", "Schindler's List", "Casablanca", "Saving Private Ryan", "The Pianist", "Apocalypse Now", "The Great Dictator", "Paths of Glory", "Das Boot", "Hotaru no haka"], "A Clockwork Orange": ["The Shawshank Redemption", "The Godfather", "The Godfather: Part II", "Pulp Fiction", "Goodfellas", "City of God", "The Usual Suspects", "The Silence of the Lambs", "L\u00e9on", "American History X"], "The Usual Suspects": ["Pulp Fiction", "The Silence of the Lambs", "L\u00e9on", "The Departed", "M", "Fargo", "No Country for Old Men", "Rope", "Se7en", "L.A. Confidential"], "The Hustler": ["Raging Bull", "Warrior", "Million Dollar Baby", "Rocky", "The Sting", "Cool Hand Luke", "The Shawshank Redemption", "The Godfather", "The Godfather: Part II", "Pulp Fiction"], "Amadeus": ["Schindler's List", "Goodfellas", "The Intouchables", "The Pianist", "Braveheart", "Lawrence of Arabia", "Raging Bull", "Downfall", "The Elephant Man", "Casino"], "The Great Dictator": ["Underground", "Stalag 17", "City Lights", "The Kid", "La vita \u00e8 bella", "Casablanca", "Saving Private Ryan", "The Intouchables", "The Pianist", "Apocalypse Now"], "WALL\u00b7E": ["Finding Nemo", "Sen to Chihiro no Kamikakushi", "The Lion King", "Toy Story 3", "Mononoke-hime", "Toy Story", "Up", "Hauru no ugoku shiro", "How to Train Your Dragon", "Kaze no tani no Naushika"], "Touch of Evil": ["Strangers on a Train", "The Night of the Hunter", "The Killing", "The Third Man", "Pulp Fiction", "The Usual Suspects", "The Silence of the Lambs", "L\u00e9on", "The Departed", "M"], "Eternal Sunshine of the Spotless Mind": ["Her", "Forrest Gump", "La vita \u00e8 bella", "Casablanca", "City Lights", "A Clockwork Orange", "The Apartment", "Metropolis", "Gone with the Wind", "Annie Hall"], "Memento": ["The Prestige", "Se7en", "Psycho", "Rear Window", "North by Northwest", "Vertigo", "Oldboy", "Gone Girl", "The Third Man", "Chinatown"], "The Wages of Fear": ["Pulp Fiction", "Se7en", "The Usual Suspects", "The Silence of the Lambs", "L\u00e9on", "The Departed", "The Prestige", "The Lives of Others", "The Lion King", "M"], "Finding Nemo": ["Toy Story 3", "Toy Story", "Monsters, Inc.", "WALL\u00b7E", "Sen to Chihiro no Kamikakushi", "Back to the Future", "The Lion King", "Mononoke-hime", "Monty Python and the Holy Grail", "Up"], "Beauty and the Beast": ["Tonari no Totoro", "It's a Wonderful Life", "Sen to Chihiro no Kamikakushi", "Mononoke-hime", "Hauru no ugoku shiro", "How to Train Your Dragon", "The Wizard of Oz", "The Lord of the Rings: The Return of the King", "The Lord of the Rings: The Fellowship of the Ring", "Star Wars: Episode V - The Empire Strikes Back"], "Warrior": ["Raging Bull", "Million Dollar Baby", "Rocky", "The Hustler", "The Shawshank Redemption", "The Godfather", "The Godfather: Part II", "Pulp Fiction", "Schindler's List", "12 Angry Men"], "Fight Club": ["Se7en", "Gone Girl", "American History X", "Inglourious Basterds", "The King's Speech", "The Shawshank Redemption", "The Godfather", "The Godfather: Part II", "Pulp Fiction", "Schindler's List"], "Chinatown": ["Se7en", "The Prestige", "Oldboy", "Gone Girl", "El secreto de sus ojos", "The Sixth Sense", "The Departed", "Pulp Fiction", "The Usual Suspects", "The Silence of the Lambs"], "T2: Judgment Day": ["Inception", "The Terminator", "Aliens", "The Matrix", "Guardians of the Galaxy", "Die Hard", "Blade Runner", "V for Vendetta", "X-Men: Days of Future Past", "The Avengers"], "The Big Sleep": ["The Maltese Falcon", "Witness for the Prosecution", "Double Indemnity", "Rash\u00f4mon", "The Third Man", "L.A. Confidential", "Touch of Evil", "Strangers on a Train", "Mou gaan dou", "The Night of the Hunter"], "M": ["Pulp Fiction", "The Usual Suspects", "The Silence of the Lambs", "L\u00e9on", "The Departed", "Fargo", "No Country for Old Men", "Rope", "The Shawshank Redemption", "The Godfather"], "3 Idiots": ["Dil Chahta Hai", "La vita \u00e8 bella", "City Lights", "The Intouchables", "The Great Dictator", "The Sting", "The Apartment", "The Kid", "Mary and Max", "Annie Hall"], "The Lord of the Rings: The Fellowship of the Ring": ["The Lord of the Rings: The Return of the King", "The Lord of the Rings: The Two Towers", "Pirates of the Caribbean: The Curse of the Black Pearl", "Star Wars: Episode V - The Empire Strikes Back", "Star Wars", "Mononoke-hime", "Star Wars: Episode VI - Return of the Jedi", "Monty Python and the Holy Grail", "The Wizard of Oz", "Harry Potter and the Deathly Hallows: Part 2"], "The Grapes of Wrath": ["12 Angry Men", "The Shawshank Redemption", "The Godfather", "The Godfather: Part II", "Pulp Fiction", "Schindler's List", "Fight Club", "Forrest Gump", "One Flew Over the Cuckoo's Nest", "Goodfellas"], "Rope": ["Pulp Fiction", "The Usual Suspects", "The Silence of the Lambs", "L\u00e9on", "The Departed", "M", "Fargo", "No Country for Old Men", "Strangers on a Train", "Dial M for Murder"], "High Noon": ["The Good, the Bad and the Ugly", "Once Upon a Time in the West", "Django Unchained", "For a Few Dollars More", "Unforgiven", "Butch Cassidy and the Sundance Kid", "For a Fistful of Dollars", "Rear Window", "Gone with the Wind", "Dial M for Murder"], "Into the Wild": ["Lawrence of Arabia", "Schindler's List", "Goodfellas", "The Intouchables", "The Pianist", "The Lion King", "Das Boot", "Braveheart", "Amadeus", "The Treasure of the Sierra Madre"], "Gandhi": ["Schindler's List", "Downfall", "12 Years a Slave", "In the Name of the Father", "The King's Speech", "Goodfellas", "The Intouchables", "The Pianist", "Braveheart", "Lawrence of Arabia"], "Jodaeiye Nader az Simin": ["The Shawshank Redemption", "The Godfather", "The Godfather: Part II", "Pulp Fiction", "Schindler's List", "12 Angry Men", "Fight Club", "Forrest Gump", "One Flew Over the Cuckoo's Nest", "Goodfellas"], "On the Waterfront": ["The Godfather", "The Shawshank Redemption", "The Godfather: Part II", "Pulp Fiction", "Goodfellas", "City of God", "The Usual Suspects", "The Silence of the Lambs", "L\u00e9on", "American History X"], "How to Train Your Dragon": ["Sen to Chihiro no Kamikakushi", "Hauru no ugoku shiro", "The Lion King", "WALL\u00b7E", "Toy Story 3", "Mononoke-hime", "Toy Story", "Up", "Tonari no Totoro", "Finding Nemo"], "Harry Potter and the Deathly Hallows: Part 2": ["The Lord of the Rings: The Return of the King", "The Lord of the Rings: The Fellowship of the Ring", "Star Wars: Episode V - The Empire Strikes Back", "The Lord of the Rings: The Two Towers", "Star Wars", "Mononoke-hime", "Star Wars: Episode VI - Return of the Jedi", "Monty Python and the Holy Grail", "The Wizard of Oz", "Pirates of the Caribbean: The Curse of the Black Pearl"], "Hotaru no haka": ["Casablanca", "Saving Private Ryan", "The Pianist", "Apocalypse Now", "The Great Dictator", "The Lion King", "Paths of Glory", "Das Boot", "Full Metal Jacket", "Inglourious Basterds"], "The Lives of Others": ["Pulp Fiction", "Se7en", "The Usual Suspects", "The Silence of the Lambs", "L\u00e9on", "The Departed", "The Prestige", "M", "Oldboy", "Gone Girl"], "Boyhood": ["Before Sunrise", "Before Sunset", "The Shawshank Redemption", "The Godfather", "The Godfather: Part II", "Pulp Fiction", "Schindler's List", "12 Angry Men", "Fight Club", "Forrest Gump"], "Das Boot": ["Inglourious Basterds", "The Bridge on the River Kwai", "Casablanca", "Saving Private Ryan", "The Pianist", "Apocalypse Now", "The Great Dictator", "The Lion King", "Paths of Glory", "Hotaru no haka"], "Monty Python and the Holy Grail": ["The Lord of the Rings: The Return of the King", "The Lord of the Rings: The Fellowship of the Ring", "Star Wars: Episode V - The Empire Strikes Back", "The Lord of the Rings: The Two Towers", "Star Wars", "Back to the Future", "Toy Story 3", "Mononoke-hime", "Star Wars: Episode VI - Return of the Jedi", "Toy Story"], "The Pianist": ["Schindler's List", "Goodfellas", "Casablanca", "Saving Private Ryan", "The Intouchables", "Apocalypse Now", "The Great Dictator", "Paths of Glory", "Das Boot", "Hotaru no haka"], "The Dark Knight Rises": ["The Dark Knight", "Batman Begins", "Star Wars: Episode V - The Empire Strikes Back", "Star Wars", "The Raiders of the Lost Ark", "Aliens", "Star Wars: Episode VI - Return of the Jedi", "Guardians of the Galaxy", "The Treasure of the Sierra Madre", "Indiana Jones and the Final Crusade"], "Guardians of the Galaxy": ["Aliens", "X-Men: Days of Future Past", "The Avengers", "The Dark Knight", "Interstellar", "Star Wars: Episode V - The Empire Strikes Back", "Inception", "The Matrix", "Star Wars", "The Raiders of the Lost Ark"], "The Departed": ["Pulp Fiction", "The Usual Suspects", "The Silence of the Lambs", "L\u00e9on", "M", "Fargo", "No Country for Old Men", "Rope", "Goodfellas", "Taxi Driver"], "Million Dollar Baby": ["Raging Bull", "Warrior", "Rocky", "The Hustler", "Gran Torino", "The Shawshank Redemption", "Se7en", "The Godfather", "The Godfather: Part II", "Pulp Fiction"], "One Flew Over the Cuckoo's Nest": ["Amadeus", "The Departed", "Chinatown", "The Shawshank Redemption", "The Godfather", "The Godfather: Part II", "Pulp Fiction", "Schindler's List", "12 Angry Men", "Fight Club"], "The Bourne Ultimatum": ["The Departed", "Pulp Fiction", "Inception", "The Usual Suspects", "The Silence of the Lambs", "L\u00e9on", "T2: Judgment Day", "M", "Die Hard", "Heat"], "The General": ["The Dark Knight", "Star Wars: Episode V - The Empire Strikes Back", "Star Wars", "The Raiders of the Lost Ark", "The Dark Knight Rises", "Back to the Future", "Aliens", "Toy Story 3", "Star Wars: Episode VI - Return of the Jedi", "Monty Python and the Holy Grail"], "Ladri di biciclette": ["The Shawshank Redemption", "The Godfather", "The Godfather: Part II", "Pulp Fiction", "Schindler's List", "12 Angry Men", "Fight Club", "Forrest Gump", "One Flew Over the Cuckoo's Nest", "Goodfellas"], "To Kill a Mockingbird": ["Roman Holiday", "The Shawshank Redemption", "The Godfather", "The Godfather: Part II", "Pulp Fiction", "Schindler's List", "12 Angry Men", "Fight Club", "Forrest Gump", "One Flew Over the Cuckoo's Nest"], "Ikiru": ["Seven Samurai", "Rash\u00f4mon", "Yojimbo", "Ran", "The Shawshank Redemption", "The Godfather", "The Godfather: Part II", "Pulp Fiction", "Schindler's List", "12 Angry Men"], "Sen to Chihiro no Kamikakushi": ["Hauru no ugoku shiro", "How to Train Your Dragon", "Mononoke-hime", "Tonari no Totoro", "Kaze no tani no Naushika", "Tenk\u00fb no shiro Rapyuta", "The Lion King", "WALL\u00b7E", "Toy Story 3", "Toy Story"], "The Treasure of the Sierra Madre": ["The Dark Knight", "Star Wars: Episode V - The Empire Strikes Back", "Star Wars", "The Raiders of the Lost Ark", "Saving Private Ryan", "The Dark Knight Rises", "Gladiator", "The Lion King", "Das Boot", "Aliens"]}